{
    "model_names": [
        "XG_Boost",
        "XG_Boost_NoLeak",
        "XG_Boost_Featured",
        "XG_Boost_NoLeak_Featured",
        "LGB_Boost",
        "LGB_Boost_NoLeak",
        "LGB_Boost_Featured",
        "LGB_Boost_NoLeak_Featured"
    ],
    "best_weights": [
        0.10271423501250435,
        0.17716131369096302,
        0.1458275541414128,
        0.0983209236751832,
        0.20656566757547107,
        0.047094069010400016,
        0.09863000546995927,
        0.12368623142410624
    ],
    "best_threshold": 0.315,
    "test_metrics": {
        "auc_pr": 0.9980030158673431,
        "auc_roc": 0.9999803308948686,
        "recall": 1.0,
        "precision": 0.4852216748768473,
        "f1": 0.6533996683250415
    },
    "n_test": 57429
}