{
    "model_name": "LGB_Boost_NoLeak",
    "default_threshold": 0.5,
    "best_threshold": 0.981316903765664,
    "confusion_matrix_default": [
        [
            108671,
            5399
        ],
        [
            196,
            592
        ]
    ],
    "confusion_matrix_best": [
        [
            113775,
            295
        ],
        [
            468,
            320
        ]
    ],
    "metrics_default": {
        "recall": 0.751269035532995,
        "precision": 0.09881488900016691,
        "f1": 0.1746570290603334,
        "accuracy": 0.9512876769576346,
        "auc_pr": 0.44054170680097143,
        "auc_roc": 0.8948045416052749
    },
    "metrics_best_threshold": {
        "recall": 0.40609137055837563,
        "precision": 0.5203252032520326,
        "f1": 0.45616535994297935,
        "accuracy": 0.9933570147486461
    }
}