{
    "model_name": "LGB_Boost",
    "default_threshold": 0.5,
    "best_threshold": 0.11125620294030428,
    "confusion_matrix_default": [
        [
            114060,
            10
        ],
        [
            4,
            784
        ]
    ],
    "confusion_matrix_best": [
        [
            114059,
            11
        ],
        [
            0,
            788
        ]
    ],
    "metrics_default": {
        "recall": 0.9949238578680203,
        "precision": 0.9874055415617129,
        "f1": 0.9911504424778761,
        "accuracy": 0.9998781103623605,
        "auc_pr": 0.9997223370157374,
        "auc_roc": 0.9999980864897723
    },
    "metrics_best_threshold": {
        "recall": 1.0,
        "precision": 0.986232790988736,
        "f1": 0.9930686830497795,
        "accuracy": 0.9999042295704261
    }
}