{
    "model_name": "LGB_Boost_NoLeak_Featured",
    "default_threshold": 0.5,
    "best_threshold": 0.9719925929876523,
    "confusion_matrix_default": [
        [
            112976,
            1094
        ],
        [
            116,
            672
        ]
    ],
    "confusion_matrix_best": [
        [
            113569,
            501
        ],
        [
            287,
            501
        ]
    ],
    "metrics_default": {
        "recall": 0.8527918781725888,
        "precision": 0.38052095130237823,
        "f1": 0.5262333594361785,
        "accuracy": 0.98946525274687,
        "auc_pr": 0.6057332105259057,
        "auc_roc": 0.9949639470197971
    },
    "metrics_best_threshold": {
        "recall": 0.6357868020304569,
        "precision": 0.5,
        "f1": 0.5597765363128492,
        "accuracy": 0.9931393546814328
    }
}