{
    "model_name": "LGB_Boost_Featured",
    "default_threshold": 0.5,
    "best_threshold": 0.006645007328313833,
    "confusion_matrix_default": [
        [
            114037,
            33
        ],
        [
            3,
            785
        ]
    ],
    "confusion_matrix_best": [
        [
            114036,
            34
        ],
        [
            0,
            788
        ]
    ],
    "metrics_default": {
        "recall": 0.9961928934010152,
        "precision": 0.9596577017114915,
        "f1": 0.9775840597758406,
        "accuracy": 0.9996865695032127,
        "auc_pr": 0.947863074221845,
        "auc_roc": 0.9998745816421388
    },
    "metrics_best_threshold": {
        "recall": 1.0,
        "precision": 0.9586374695863747,
        "f1": 0.9788819875776398,
        "accuracy": 0.9997039823085897
    }
}