{
    "model_name": "XG_Boost_NoLeak",
    "default_threshold": 0.5,
    "best_threshold": 0.9741045832633972,
    "confusion_matrix_default": [
        [
            108727,
            5343
        ],
        [
            173,
            615
        ]
    ],
    "confusion_matrix_best": [
        [
            113715,
            355
        ],
        [
            427,
            361
        ]
    ],
    "metrics_default": {
        "recall": 0.7804568527918782,
        "precision": 0.10322255790533737,
        "f1": 0.1823302697895049,
        "accuracy": 0.9519754827700291,
        "auc_pr": 0.47405822273525666,
        "auc_roc": 0.9211750376805764
    },
    "metrics_best_threshold": {
        "recall": 0.4581218274111675,
        "precision": 0.5041899441340782,
        "f1": 0.4800531914893617,
        "accuracy": 0.993191593097564
    }
}