{
    "model_name": "XG_Boost",
    "default_threshold": 0.5,
    "best_threshold": 0.4799930453300476,
    "confusion_matrix_default": [
        [
            114050,
            20
        ],
        [
            1,
            787
        ]
    ],
    "confusion_matrix_best": [
        [
            114050,
            20
        ],
        [
            0,
            788
        ]
    ],
    "metrics_default": {
        "recall": 0.998730964467005,
        "precision": 0.9752168525402726,
        "f1": 0.986833855799373,
        "accuracy": 0.9998171655435407,
        "auc_pr": 0.9996160712900449,
        "auc_roc": 0.9999973411107882
    },
    "metrics_best_threshold": {
        "recall": 1.0,
        "precision": 0.9752475247524752,
        "f1": 0.9874686716791979,
        "accuracy": 0.9998258719462293
    }
}