{
    "model_name": "XG_Boost_NoLeak_Featured",
    "default_threshold": 0.5,
    "best_threshold": 0.9723551273345947,
    "confusion_matrix_default": [
        [
            112367,
            1703
        ],
        [
            32,
            756
        ]
    ],
    "confusion_matrix_best": [
        [
            113501,
            569
        ],
        [
            217,
            571
        ]
    ],
    "metrics_default": {
        "recall": 0.9593908629441624,
        "precision": 0.3074420496136641,
        "f1": 0.4656606097936557,
        "accuracy": 0.984894391335388,
        "auc_pr": 0.6723759492653695,
        "auc_roc": 0.9961918865831338
    },
    "metrics_best_threshold": {
        "recall": 0.7246192893401016,
        "precision": 0.5008771929824561,
        "f1": 0.5923236514522822,
        "accuracy": 0.9931567674868098
    }
}